"id","title","content","created"
"ce20a033-973a-4128-ac07-e8c706794106","Note title 1","I've never seen a more beautiful brandy glass filled with wine.","2023-03-08 10:03:43"
"9e64d960-be31-4fbf-937d-08fa84bdddc5","Note title 2","I've never seen a more beautiful brandy glass filled with wine.","2023-02-28 07:02:36"
"1e562f79-e054-4d56-8e4b-5d04bb9c6d02","Note title 3","Kevin embraced his ability to be at the wrong place at the wrong time.","2023-04-11 10:04:11"
"4c951c20-6f7b-49d6-a7ec-1f40a80b5fe2","Note title 4","He found rain fascinating yet unpleasant.","2023-03-13 05:03:47"
"681b5058-1d32-48ea-bd9e-841e94e4f792","Note title 5","He liked to play with words in the bathtub.","2023-03-03 03:03:44"
"0d94cf14-d30e-4062-b316-dedbcd76dcdc","Note title 6","Written warnings in instruction manuals are worthless since rabbits can't read.","2023-03-09 03:03:43"
"890442e1-62f1-4e49-b2b1-df788774df0d","Note title 7","Homesickness became contagious in the young campers' cabin.","2023-03-06 09:03:57"
"07c7af00-837b-44d9-9bc4-16e9a3d0b920","Note title 8","Today arrived with a crash of my car through the garage door.","2023-01-10 01:01:41"
"fa6ac001-7d7c-4696-ba9d-240f6683c035","Note title 9","He went back to the video to see what had been recorded and was shocked at what he saw.","2023-03-07 02:03:53"
"05b0e45d-e22e-48bf-b2d0-6b2153630c64","Note title 10","It was the best sandcastle he had ever seen.","2023-03-06 12:03:16"
"09f6f0c4-7a06-4adc-81a1-8e8dea42c1db","Note title 11","Acres of almond trees lined the interstate highway which complimented the crazy driving nuts.","2023-04-14 07:04:24"
"c4972e4f-a6a3-4f7b-9dd9-6192e3f1d298","Note title 12","Nobody has encountered an explosive daisy and lived to tell the tale.","2023-01-05 11:01:53"
"6b88d398-e687-4171-ab08-30377775620d","Note title 13","The sight of his goatee made me want to run and hide under my sister-in-law's bed.","2023-03-15 08:03:35"
"8572dc1d-9370-4241-8dbe-c15e4842d4f8","Note title 14","I liked their first two albums but changed my mind after that charity gig.","2023-02-07 06:02:18"
"8175abfa-56ba-4309-9896-86ed432a1b6f","Note title 15","Acres of almond trees lined the interstate highway which complimented the crazy driving nuts.","2023-04-24 04:04:45"
"3a1a9296-b08f-4e7e-bbcf-91054be7568a","Note title 16","Buried deep in the snow","2023-04-03 07:04:49"
"28706bb2-32ea-44ed-be0a-43d7be1aef53","Note title 17","It was the best sandcastle he had ever seen.","2023-04-12 05:04:16"
"295065b1-8ac8-4920-8c2e-57e583ae4356","Note title 18","The sight of his goatee made me want to run and hide under my sister-in-law's bed.","2023-02-03 12:02:18"
"6a4a9558-85bc-45c8-89c1-06adf97292de","Note title 19","Acres of almond trees lined the interstate highway which complimented the crazy driving nuts.","2023-01-30 02:01:33"
"f1b7e413-4dc4-4942-ab53-cb32a770198b","Note title 20","Just go ahead and press that button.","2023-04-05 07:04:30"
"336b4c94-4621-4024-8adf-782387b8d047","Note title 21","If you spin around three times","2023-04-17 10:04:23"
"99942201-ac52-4c78-87d0-763dc6e301cf","Note title 22","Written warnings in instruction manuals are worthless since rabbits can't read.","2023-01-15 09:01:46"
"21ec7ab1-f642-4250-90e7-d06369a5a9a7","Note title 23","Homesickness became contagious in the young campers' cabin.","2023-04-30 01:04:56"
"1300537d-eebe-4a44-8eab-c9ec9f64c0e4","Note title 24","The paintbrush was angry at the color the artist chose to use.","2023-04-28 02:04:36"
"1bae2904-e835-4193-8b01-b28df799f590","Note title 25","Written warnings in instruction manuals are worthless since rabbits can't read.","2023-04-27 01:04:17"
"54360023-c7f5-4ebe-99ed-09db6481e423","Note title 26","Please tell me you don't work in a morgue.","2023-04-22 09:04:51"
"227eb412-7322-4bd7-8922-cb4408fad74c","Note title 27","Written warnings in instruction manuals are worthless since rabbits can't read.","2023-01-30 05:01:54"
"41148330-fed9-4175-a580-b5564e4b0a2a","Note title 28","He wore the surgical mask in public not to keep from catching a virus","2023-01-11 12:01:00"
"d780ff09-9766-4980-8eb8-a5d953a08508","Note title 29","If you spin around three times","2023-03-23 02:03:18"
"ca601c62-3278-42b4-99b5-10547f4649d7","Note title 30","He played the game as if his life depended on it and the truth was that it did.","2023-01-07 07:01:13"
"c7766a94-015d-4caa-9833-c6f330ac59a4","Note title 31","He played the game as if his life depended on it and the truth was that it did.","2023-02-28 01:02:52"
"7695a071-6793-4144-ae1e-e77431c59a6c","Note title 32","That must be the tenth time I've been arrested for selling deep-fried cigars.","2023-04-14 01:04:31"
"97c5d28d-1eb3-4e27-a80a-278be05d3786","Note title 33","It's important to remember to be aware of rampaging grizzly bears.","2023-03-19 02:03:03"
"e72064cd-73a8-4620-b633-e8d177d89568","Note title 34","This book is sure to liquefy your brain.","2023-04-12 08:04:54"
"131fe2f6-104c-4e49-9c3e-5e6a0ae2f69e","Note title 35","I want more detailed information.","2023-04-24 10:04:17"
"7bfbf566-e059-49e5-a8b5-7b3588555d2d","Note title 36","He wore the surgical mask in public not to keep from catching a virus","2023-01-19 02:01:21"
"cfbac4c0-3fbd-4a1b-a951-02d584c524a4","Note title 37","The sight of his goatee made me want to run and hide under my sister-in-law's bed.","2023-01-05 01:01:42"
"ca3af217-29c0-43f2-a43d-22b40ba6ed4d","Note title 38","He was willing to find the depths of the rabbit hole in order to be with her.","2023-01-28 10:01:02"
"8de49186-0b19-4703-9ce4-449171caf900","Note title 39","Buried deep in the snow","2023-01-06 03:01:14"
"1de310b1-fffe-41ed-8934-052552e1a29d","Note title 40","If you really strain your ears","2023-03-17 07:03:23"
"03de3aef-e262-4452-937c-44a2c6a01662","Note title 41","He had decided to accept his fate of accepting his fate.","2023-02-24 05:02:39"
"7deb8218-1831-4ce4-86b0-a0622e4801d5","Note title 42","I was offended by the suggestion that my baby brother was a jewel thief.","2023-02-26 06:02:50"
"6208cf9f-1030-46ea-9acb-a206d95ef449","Note title 43","Written warnings in instruction manuals are worthless since rabbits can't read.","2023-04-25 02:04:32"
"68d2854d-1d1b-491f-bf13-8a426c00fdcd","Note title 44","This book is sure to liquefy your brain.","2023-01-05 05:01:13"
"b3d8fe90-67be-4831-bd25-029aab25fc17","Note title 45","I liked their first two albums but changed my mind after that charity gig.","2023-03-01 09:03:28"
"a1df83aa-4ef0-4209-89d3-dd22f0032762","Note title 46","She had some amazing news to share but nobody to share it with.","2023-02-09 12:02:05"
"2591fe54-57e3-4f61-ad8c-034051eb0a18","Note title 47","Buried deep in the snow","2023-01-10 07:01:53"
"9dfb1688-82d6-4c10-aba0-614be568cd8d","Note title 48","It was the best sandcastle he had ever seen.","2023-04-12 03:04:39"
"cc09ab97-b0c3-4480-a109-d644502850a6","Note title 49","The paintbrush was angry at the color the artist chose to use.","2023-03-24 10:03:42"
"6eb4ce4e-e17d-4655-8d60-0309a2af1f18","Note title 50","It's important to remember to be aware of rampaging grizzly bears.","2023-04-05 10:04:43"
"2340a4e9-7a4b-462d-ac8d-184bac98de9a","Note title 51","Before he moved to the inner city","2023-01-03 05:01:20"
"383dc659-661f-4992-945e-2ee54205b12f","Note title 52","Today arrived with a crash of my car through the garage door.","2023-02-13 05:02:38"
"49bcb8d5-c35b-4bad-9b56-96f98b41fd99","Note title 53","Nobody has encountered an explosive daisy and lived to tell the tale.","2023-02-28 02:02:34"
"fa5a4e92-b50c-45a3-aebf-92fc319e891e","Note title 54","Nobody has encountered an explosive daisy and lived to tell the tale.","2023-03-12 12:03:10"
"841d2900-f5ad-4dff-b0a7-36d690c1011a","Note title 55","I've never seen a more beautiful brandy glass filled with wine.","2023-02-19 04:02:37"
"f0db62ce-0414-485b-897c-a907ddc8aec7","Note title 56","Before he moved to the inner city","2023-02-19 09:02:34"
"d007f407-5c37-42a6-aed4-7c669d75dfd3","Note title 57","At that moment he wasn't listening to music","2023-03-13 01:03:12"
"bf912ac3-c3ac-45da-8b78-9dfd3cc3e9da","Note title 58","Everyone was curious about the large white blimp that appeared overnight.","2023-02-20 04:02:37"
"1b581455-fb86-4ec1-b214-8902df1f7e7c","Note title 59","Shakespeare was a famous 17th-century diesel mechanic.","2023-01-15 02:01:21"
"f61933ba-3229-486b-8429-8d6a5f1dccd7","Note title 60","This book is sure to liquefy your brain.","2023-02-19 04:02:06"
"412e544d-ce95-4c5a-9035-616013ffe0f3","Note title 61","This book is sure to liquefy your brain.","2023-04-05 12:04:26"
"e7992611-c7cb-4d0b-acac-bed76028b14d","Note title 62","He embraced his new life as an eggplant.","2023-02-04 02:02:37"
"d97eb50e-1ee9-4eba-b371-3ec219467fd8","Note title 63","He was willing to find the depths of the rabbit hole in order to be with her.","2023-03-20 09:03:16"
"50ed0ce4-8371-4279-b417-e30d139f72ac","Note title 64","At that moment he wasn't listening to music","2023-01-03 06:01:58"
"905dc2b2-cc5c-4aa3-aee6-22ce5ec3c81f","Note title 65","He went back to the video to see what had been recorded and was shocked at what he saw.","2023-03-08 10:03:39"
"0028f09c-b014-4fed-883d-71a3444279aa","Note title 66","Gwen had her best sleep ever on her new bed of nails.","2023-02-05 11:02:38"
"7c6b2706-19ac-44a9-9069-dbe89799b11c","Note title 67","Homesickness became contagious in the young campers' cabin.","2023-04-18 07:04:19"
"6a8e24c8-a145-496d-b043-308985ecca96","Note title 68","The fish listened intently to what the frogs had to say.","2023-03-02 11:03:34"
"4318acac-ef86-44d5-a9a6-2cf866cec69f","Note title 69","Written warnings in instruction manuals are worthless since rabbits can't read.","2023-02-04 12:02:28"
"f0b030d8-9ccb-4b8e-ae29-1a2ab06284d9","Note title 70","Kevin embraced his ability to be at the wrong place at the wrong time.","2023-04-16 02:04:55"
"a361eefc-a96d-469b-9f4b-0b154feafe55","Note title 71","It was the best sandcastle he had ever seen.","2023-02-25 05:02:06"
"097ad732-9ee9-49fe-a2cc-7c7d5836f143","Note title 72","The beauty of the sunset was obscured by the industrial cranes.","2023-01-31 07:01:33"
"078785ee-112a-4f22-a413-5ed276996cac","Note title 73","She had some amazing news to share but nobody to share it with.","2023-02-10 10:02:42"
"39d905d4-a249-4752-a843-ac626fecde0e","Note title 74","The sight of his goatee made me want to run and hide under my sister-in-law's bed.","2023-01-04 12:01:57"
"f1f5a97f-c2d1-46b7-8392-f9051aaa1190","Note title 75","He wore the surgical mask in public not to keep from catching a virus","2023-04-13 07:04:35"
"b8abc5a9-faf6-4aaa-b5cb-047880c5982d","Note title 76","I've never seen a more beautiful brandy glass filled with wine.","2023-01-16 03:01:04"
"a7c8ac71-078a-4e12-b7c5-ace037e2ba19","Note title 77","It isn't difficult to do a handstand if you just stand on your hands.","2023-03-29 02:03:43"
"402144de-cc04-4609-a97b-3f4aa534ae98","Note title 78","The fish listened intently to what the frogs had to say.","2023-04-19 08:04:54"
"d2e3c046-d462-49a1-8c0a-629b0af59f8b","Note title 79","Homesickness became contagious in the young campers' cabin.","2023-02-23 08:02:10"
"fd32c85e-afdc-4e1e-97a9-9d4fb23a2bc4","Note title 80","He embraced his new life as an eggplant.","2023-04-23 02:04:21"
"8d3836a4-a6ba-4302-b40a-bffb37b7af6a","Note title 81","He told us a very exciting adventure story.","2023-02-28 03:02:13"
"8cacb810-3368-42c2-b261-679fd5c1d1fd","Note title 82","Nobody has encountered an explosive daisy and lived to tell the tale.","2023-01-23 09:01:20"
"7aad7293-6315-4a4a-b11d-2ac9807c7d3e","Note title 83","The dead trees waited to be ignited by the smallest spark and seek their revenge.","2023-03-11 12:03:28"
"c39f4e91-efb0-420d-b320-7c72fef122ae","Note title 84","He was willing to find the depths of the rabbit hole in order to be with her.","2023-04-16 02:04:20"
"9f6f5b2b-08f3-4fd3-a663-c1564e89e3d3","Note title 85","He embraced his new life as an eggplant.","2023-02-08 02:02:56"
"9b2a7f66-209b-4088-8ea4-b3115dd44a64","Note title 86","If you spin around three times","2023-04-15 12:04:12"
"350890e1-a092-4532-8ef8-2e32cc125c8c","Note title 87","There was coal in his stocking and he was thrilled.","2023-03-28 09:03:18"
"cd6a6c10-a187-470f-af1d-d7747f33b0e3","Note title 88","Just go ahead and press that button.","2023-02-13 05:02:31"
"3f7922fd-a530-4f13-922d-51539ff0c5b8","Note title 89","It's important to remember to be aware of rampaging grizzly bears.","2023-04-22 09:04:39"
"56552b59-8822-4f89-a44b-b981395192aa","Note title 90","This book is sure to liquefy your brain.","2023-03-06 05:03:17"
"27142efc-4c3d-4a86-8c72-8392cce8e9ff","Note title 91","Instead of a bachelorette party","2023-04-18 01:04:03"
"7af1612f-8925-4f0d-8ec3-c0d341818202","Note title 92","Please tell me you don't work in a morgue.","2023-01-23 09:01:31"
"0629cb43-0804-4671-b752-edf5a2bc5ff0","Note title 93","Today arrived with a crash of my car through the garage door.","2023-02-23 01:02:54"
"b365f86a-f869-4f0e-a7de-8174883a7245","Note title 94","Before he moved to the inner city","2023-01-07 07:01:01"
"68b549cd-c164-484d-a52d-69f3feaffb80","Note title 95","Please tell me you don't work in a morgue.","2023-01-07 01:01:50"
"a7efe331-c50d-4950-afe1-26eb8114065c","Note title 96","He liked to play with words in the bathtub.","2023-04-27 05:04:14"
"448a7485-a91b-483a-87c0-473288681ee7","Note title 97","The dead trees waited to be ignited by the smallest spark and seek their revenge.","2023-03-24 11:03:03"
"2fea0a68-9bb9-4ecc-80de-9b1fd2a7dad8","Note title 98","He told us a very exciting adventure story.","2023-03-17 02:03:54"
"d915fcae-0f17-4523-8765-09071bb99426","Note title 99","This book is sure to liquefy your brain.","2023-04-08 08:04:17"